[
    {
        "subject":"1",
        "Item":"GENERAL NOTICE 001-Alpha:",
        "Object":"Nothing",
        "Containment":"Nothing",
        "Description":"In order to prevent knowledge of SCP-001 from being leaked, several/no false SCP-001 files have been created alongside the true file/files. All files concerning the nature of SCP-001, including the decoy/decoys, are protected by a memetic kill agent designed to immediately cause cardiac arrest in any nonauthorized personnel attempting to access the file. Revealing the true nature/natures of SCP-001 to the general public is cause for execution, except as required under",
        "Addendum":"Nothing",
        "breach":"Nothing"
    },
    
    {
        "subject":"2",
        "Item":"SCP-002",
        "Object":"Euclid",
        "Containment":"SCP-002 is to remain connected to a suitable power supply at all times, to keep it in what appears to be a recharging mode. In case of electrical outage, the emergency barrier between the object and the facility is to be closed and the immediate area evacuated. Once facility power is re-established, alternating bursts of X-ray and ultraviolet light must strobe the area until SCP-002 is re-affixed to the power supply and returned to recharging mode. Containment area is to be kept at negative air pressure at all times.",
        "Description":"SCP-002 resembles a tumorous, fleshy growth with a volume of roughly 60 m³ (or 2000 ft³). An iron valve hatch on one side leads to its interior, which appears to be a standard low-rent apartment of modest size. One wall of the room possesses a single window, though no such opening is visible from the exterior. The room contains furniture which, upon close examination, appears to be sculpted bone, woven hair, and various other biological substances produced by the human body. All matter tested thus far show independent or fragmented DNA sequences for each object in the room",
        "Addendum":"Nothing",
        "breach":"Nothing"
    },
    
    
    {
        "subject":"3",
        "Item":"SCP-003",
        "Object":"Nothing",
        "Containment":"SCP-003 is to be maintained at a constant temperature of no less than 35°C and ideally kept above 100°C. No living multicellular organisms of Category IV or higher complexity may be allowed to come into contact with SCP-003.",
        "Description":"SCP-003 consists of two related components of separate origin, referred to as SCP-003-1 and SCP-003-2.",
        "Addendum":"Acting on information gathered from linguistic analysis of SCP-003-2's runes and comparative data analysis, Research Team M03-Gloria has managed to establish a link between SCP-003 and [DATA EXPUNGED] for analysis of functions. SCP-003-1 must now be considered sentient, and is to be kept a minimum of 1 km from [DATA EXPUNGED] and the resulting by-product at all times.",
        "breach":"Nothing"
    },
    
    
    {
        "subject":"4",
        "Item":"SCP-004",
        "Object":"Nothing",
        "Containment":"When handling items SCP-004-2 through SCP-004-13, proper procedure is vital. The items are not permitted to be moved off-site unless accompanied by two Level 4 security personnel. Under no circumstances should any other component of SCP-004 be taken through SCP-004-1. The effects of doing so are as yet unknown, and the current cost of experimentation makes further research impractical. Should any of the objects contained within SCP-004-1 breach containment, or the facility be breached, the keys must be brought inside and the door closed prior to activation of Site 62’s on-site warhead. Unauthorized removal of keys from the testing area is grounds for immediate termination.",
        "Description":"SCP-004 consists of an old wooden barn door (SCP-004-1) and a set of twelve rusted steel keys (SCP-004-2 through SCP-004-13). The door itself is the entrance to an abandoned factory in [DATA EXPUNGED].",
        "Addendum":"Nothing",
        "breach":"Nothing"
    },
    
    
    {
        "subject":"5",
        "Item":"SCP-005",
        "Object":"Safe",
        "Containment":"SCP-005 poses no immediate risk in any direct sense. Even so, its unique functions require special measures be taken to restrict access and manipulation of the object. Approval of at least one (1) Level 4 personnel is required for the removal of the object from its containment area.",
        "Description":"In appearance, SCP-005 resembles an ornate key, displaying the characteristics of a typical mass produced key used in the 1920s. The key was discovered when a civilian used it to infiltrate a high security facility. SCP-005 seems to have the unique ability to open any and all forms of lock (See Appendix A), be they mechanical or digital, with relative ease. The origin of this ability has yet to be determined.",
        "Addendum":"Nothing",
        "breach":"Nothing"
    },
    
    
    {
        "subject":"6",
        "Item":"SCP-006",
        "Object":"Safe",
        "Containment":"Whereas the nature of SCP-006 does not warrant any extensive containment, a certain level of secrecy is necessary regarding the object's existence and properties, for obvious reasons. The following procedures are required not for personnel safety, but to deny or hide knowledge of SCP-006's effects from the personnel who interact with it.",
        "Description":"SCP-006 is a very small spring located 60 km west of Astrakhan. Foundation Command was aware of its existence since the 19th century, but were unable to secure it until 1991 due to political reasons. On the spot of the spring, a chemical factory has been constructed as a disguise, with the majority of laborers under Foundation and/or Russian control. The liquid emitted from the spring has been chemically identified as simple mineral water in 1902, but has the unusual property of health.",
        "Addendum":"Nothing",
        "breach":"Nothing"
    },
    
    
    {
        "subject":"7",
        "Item":"SCP-007",
        "Object":"Nothing",
        "Containment":"Nothing",
        "Description":"SCP-007 is located within a cavity in the abdomen of Subject. Subject is a Caucasian male, physically approximately 25 years of age (subject claims to be 28) and 176 cm in height. Most of Subject's abdomen (muscles, skin, and organs) is absent, though Subject does not appear to suffer because of this. Instead of normal flesh, a sphere composed of soil and water is present, though it does not actually come into contact with Subject's body at any point. The sphere appears to be, in most respects, a miniature near-duplicate of the Earth, approximately 60 cm in diameter, although continental alignment is not consistent with that of any alignment known in Earth's history. The sphere has its own weather patterns and negligible gravitational pull, in addition to microscopic organisms somewhat resembling those of modern-day Earth inhabiting it. Two intelligent species have been observed, though contact and communication with either has yet to be made.",
        "Addendum":"Nothing",
        "breach":"Nothing"
    },
    
    
    {
        "subject":"8",
        "Item":"BY ORDER OF THE OVERSEER COUNCIL",
        "Object":"Nothing",
        "Containment":"Nothing",
        "Description":"THIS FILE IS SUBJECT TO LEVEL 4 CLASSIFICATION",
        "Addendum":"Nothing",
        "breach":"== LEVEL 4 CLEARANCE IS REQUIRED =="
    },
    
    
    {
        "subject":"9",
        "Item":"SCP-009",
        "Object":"Nothing",
        "Containment":"Object is to be contained within a sealed storage tank of heat-resistant alloy with dimensions not less than 2m x 2m x 2m.",
        "Description":"SCP-009 is approximately ███ liters of a substance which superficially resembles distilled water (H2O), except with a distinct bright red hue. This red hue is discernible in all phases, and serves as the most expedient method of identifying contaminated matter before its anomalous properties manifest. In contrast to mundane water, SCP-009 assumes a liquid phase at temperatures between -100°C and 0°C, and a solid state above those temperatures. At temperatures below -100°C, SCP-009 vaporizes into a gaseous phase similar to steam.",
        "Addendum":"Nothing",
        "breach":"Nothing"
    },
    
    
    {
        "subject":"10",
        "Item":"SCP-010",
        "Object":"Safe",
        "Containment":"The objects comprising SCP-010 are to be kept in numbered locked boxes at Site-19. They are not to be worn except by test subjects.",
        "Description":"SCP-010 consists of a series of six (6) apparently identical cast iron collars with numbered metal tags and one (1) remote control. The control is SCP-010-1. The collars are SCP-010-2 through 010-7. The collars contain intricate electronic components and are powered by small (5 mm diameter, 2 mm thick) 100 V batteries. These batteries are rechargeable.",
        "Addendum":"History",
        "breach":"Nothing"
    }
    
    
    
    
    
    
    ]